{"cameraMode":{"drawMode":0,"name":"Shaded","section":"Shading Mode"},"sceneLighting":false,"audioPlay":false,"sceneViewState":{"m_AlwaysRefresh":false,"showFog":false,"showSkybox":false,"showFlares":false,"showImageEffects":false,"showParticleSystems":false,"showVisualEffectGraphs":true,"m_FxEnabled":true},"in2DMode":false,"pivot":{"x":-0.03220662474632263,"y":0.8293254971504211,"z":-0.04717567563056946},"rotation":{"x":0.04263712093234062,"y":-0.9571956396102905,"z":0.2118469476699829,"w":0.19264459609985352},"size":1.244264006614685,"orthographic":false}